emp_id,name,department,role,location
1,Anna Edwards,HR,Senior Analyst,Germany
2,David Hood,HR,Intern,UK
3,Angela Brown,Marketing,Director,UK
4,Gina Hines,HR,Intern,India
5,Chelsea Anderson,Marketing,Senior Analyst,Germany
6,Andrew Jones,Marketing,Associate,USA
7,William Cannon,Finance,Manager,Germany
8,Annette Mclean,Finance,Intern,India
9,Joe Jenkins,IT Support,Manager,India
10,Sarah Munoz,Finance,Senior Analyst,UK
11,Richard Watson,IT Support,Associate,UK
12,Aaron Simmons,Finance,Intern,India
13,Robert Gilmore,IT Support,Senior Analyst,India
14,Robert Hines,IT Support,Intern,UK
15,Holly Johnson,HR,Director,Canada
16,Aaron Brown,Engineering,Associate,Canada
17,Kathy Carlson,Engineering,Associate,UK
18,Patrick Brown,Marketing,Director,Canada
19,Robert King,Sales,Senior Analyst,India
20,Daniel Palmer,HR,Director,Germany
21,Caitlin Cole,Marketing,Senior Analyst,USA
22,Michael Holland,Finance,Senior Analyst,Germany
23,Tina Robinson,Engineering,Associate,UK
24,Robert Carter,HR,Manager,UK
25,Rebecca Flores,Finance,Manager,USA
26,Robert Collins,Sales,Senior Analyst,USA
27,Christopher Melendez,Engineering,Intern,USA
28,Steven Wilson,Finance,Intern,Germany
29,Jennifer Olson,Sales,Intern,USA
30,Lisa Werner,Sales,Associate,Canada
31,Diamond Reilly,Marketing,Director,India
32,Austin George,IT Support,Senior Analyst,Germany
33,Daniel Moore,Finance,Senior Analyst,Germany
34,George Young,HR,Senior Analyst,UK
35,David Rodriguez,HR,Manager,Canada
36,Regina Wagner,IT Support,Director,USA
37,Shannon Roberts,Engineering,Associate,USA
38,Penny Simmons,IT Support,Intern,UK
39,Emily Williams,HR,Senior Analyst,Canada
40,Patrick Ramirez,Sales,Associate,Germany
41,Samantha Bowers,HR,Senior Analyst,India
42,Kristine Mccormick,Finance,Manager,UK
43,Crystal Hill,IT Support,Senior Analyst,Canada
44,Jeremy Hopkins,Marketing,Manager,Germany
45,Kimberly Gardner,IT Support,Associate,UK
46,Danny Johnson,Finance,Associate,Canada
47,Timothy Robbins,Marketing,Senior Analyst,UK
48,Kelly Mccarty,IT Support,Intern,UK
49,Stephen Johnson,IT Support,Senior Analyst,UK
50,Jennifer Pace,Finance,Manager,India
51,Patrick Barajas,HR,Intern,UK
52,Gary Price,HR,Manager,USA
53,John Wilkinson,Marketing,Intern,USA
54,Whitney King,IT Support,Associate,Canada
55,Kurt White,Sales,Director,USA
56,William Everett,Engineering,Senior Analyst,India
57,Angela Gonzalez,Sales,Senior Analyst,Germany
58,Lisa Carrillo,IT Support,Manager,Canada
59,Karen Logan,IT Support,Manager,UK
60,Kenneth Rodriguez,Engineering,Director,UK
61,Kathy Lee,IT Support,Manager,Germany
62,James Parker,Marketing,Intern,India
63,Kyle Cobb,Sales,Senior Analyst,UK
64,Douglas Mathis,HR,Director,USA
65,Robert Olson,IT Support,Senior Analyst,UK
66,Jamie Barrera,Marketing,Manager,Germany
67,James Scott,Finance,Associate,India
68,Ashley Christensen,Finance,Manager,India
69,Charles Fowler,HR,Intern,USA
70,Joshua Smith,Sales,Senior Analyst,Canada
71,Peter Webster,Marketing,Associate,USA
72,Peggy Murray,Marketing,Senior Analyst,Germany
73,Miranda Nguyen,HR,Manager,UK
74,Jason Jones,IT Support,Manager,UK
75,Danielle Brown,HR,Manager,UK
76,Thomas Chapman,Marketing,Associate,India
77,David Walters,Engineering,Manager,Germany
78,Molly Dillon,Engineering,Intern,India
79,Jeffrey Dunlap,Engineering,Intern,India
80,Lindsey Powell,IT Support,Manager,India
81,Sandra Li,Engineering,Associate,UK
82,Danny Moore,Finance,Director,Canada
83,Jason Foster,Sales,Associate,India
84,Katelyn Garner,Finance,Associate,UK
85,Justin Jones,Marketing,Manager,USA
86,Randall Coleman,HR,Intern,USA
87,Anthony Brady,Engineering,Associate,India
88,Shawn Shelton,Marketing,Associate,Canada
89,Jennifer Lyons,Engineering,Director,Canada
90,Erik Jones,HR,Intern,Germany
91,Allison Price,Marketing,Associate,Germany
92,Kristina Rogers,Sales,Manager,Germany
93,Franklin Haynes,HR,Director,USA
94,Jerry Keller,Sales,Director,Germany
95,Franklin Joyce,Sales,Intern,USA
96,April Norton,Engineering,Director,UK
97,Zachary Daniel,HR,Senior Analyst,USA
98,Lisa Lang,Engineering,Associate,USA
99,Jeffery Ortiz,Finance,Associate,Germany
100,Jose Rios,Sales,Director,UK
